Yr,Back_RedFr_Elec
0,1.0
10,0.949784976
20,0.809145552
30,0.623734704
40,0.41470694
50,0.331447018
